track_id,frame_id,timestamp_ms,agent_type,x,y,vx,vy
P1,1160,116000,pedestrian/bicycle,964.563,981.889,2.83,0.257
P1,1161,116100,pedestrian/bicycle,964.845,981.914,2.804,0.251
P1,1162,116200,pedestrian/bicycle,965.124,981.939,2.78,0.246
P1,1163,116300,pedestrian/bicycle,965.401,981.963,2.754,0.239
P1,1164,116400,pedestrian/bicycle,965.674,981.987,2.721,0.232
P1,1165,116500,pedestrian/bicycle,965.945,982.01,2.685,0.228
P1,1166,116600,pedestrian/bicycle,966.211,982.033,2.653,0.227
P1,1167,116700,pedestrian/bicycle,966.476,982.056,2.636,0.228
P1,1168,116800,pedestrian/bicycle,966.739,982.078,2.637,0.23
P1,1169,116900,pedestrian/bicycle,967.004,982.102,2.653,0.234
P1,1170,117000,pedestrian/bicycle,967.271,982.125,2.681,0.236
P1,1171,117100,pedestrian/bicycle,967.54,982.149,2.715,0.238
P1,1172,117200,pedestrian/bicycle,967.814,982.173,2.748,0.238
P1,1173,117300,pedestrian/bicycle,968.09,982.196,2.777,0.237
P1,1174,117400,pedestrian/bicycle,968.369,982.22,2.8,0.235
P1,1175,117500,pedestrian/bicycle,968.649,982.243,2.812,0.234
P1,1176,117600,pedestrian/bicycle,968.93,982.267,2.809,0.233
P1,1177,117700,pedestrian/bicycle,969.21,982.29,2.792,0.232
P1,1178,117800,pedestrian/bicycle,969.488,982.313,2.761,0.233
P1,1179,117900,pedestrian/bicycle,969.762,982.337,2.72,0.234
P1,1180,118000,pedestrian/bicycle,970.032,982.36,2.674,0.233
P1,1181,118100,pedestrian/bicycle,970.297,982.383,2.63,0.231
P1,1182,118200,pedestrian/bicycle,970.558,982.406,2.592,0.228
P1,1183,118300,pedestrian/bicycle,970.816,982.429,2.564,0.224
P1,1184,118400,pedestrian/bicycle,971.071,982.451,2.546,0.218
P1,1185,118500,pedestrian/bicycle,971.326,982.472,2.541,0.212
P1,1186,118600,pedestrian/bicycle,971.58,982.493,2.551,0.205
P1,1187,118700,pedestrian/bicycle,971.837,982.513,2.573,0.199
P1,1188,118800,pedestrian/bicycle,972.095,982.533,2.603,0.192
P1,1189,118900,pedestrian/bicycle,972.357,982.552,2.638,0.186
P1,1190,119000,pedestrian/bicycle,972.623,982.57,2.674,0.18
P1,1191,119100,pedestrian/bicycle,972.892,982.588,2.709,0.17
P1,1192,119200,pedestrian/bicycle,973.165,982.604,2.739,0.156
P1,1193,119300,pedestrian/bicycle,973.44,982.619,2.765,0.141
P1,1194,119400,pedestrian/bicycle,973.718,982.632,2.796,0.127
P1,1195,119500,pedestrian/bicycle,974,982.644,2.839,0.114
P1,1196,119600,pedestrian/bicycle,974.286,982.655,2.892,0.104
P1,1197,119700,pedestrian/bicycle,974.578,982.665,2.945,0.098
P1,1198,119800,pedestrian/bicycle,974.874,982.675,2.985,0.095
P1,1199,119900,pedestrian/bicycle,975.174,982.684,3.004,0.093
P1,1200,120000,pedestrian/bicycle,975.474,982.693,3.001,0.086
P1,1201,120100,pedestrian/bicycle,975.773,982.701,2.98,0.076
P1,1202,120200,pedestrian/bicycle,976.07,982.709,2.946,0.068
P1,1203,120300,pedestrian/bicycle,976.362,982.715,2.9,0.066
P1,1204,120400,pedestrian/bicycle,976.649,982.722,2.852,0.067
P1,1205,120500,pedestrian/bicycle,976.933,982.729,2.812,0.067
P1,1206,120600,pedestrian/bicycle,977.212,982.735,2.783,0.063
P1,1207,120700,pedestrian/bicycle,977.489,982.741,2.76,0.053
P1,1208,120800,pedestrian/bicycle,977.764,982.746,2.74,0.04
P1,1209,120900,pedestrian/bicycle,978.038,982.749,2.725,0.022
P1,1210,121000,pedestrian/bicycle,978.31,982.75,2.719,0.002
P1,1211,121100,pedestrian/bicycle,978.582,982.749,2.719,-0.022
P1,1212,121200,pedestrian/bicycle,978.854,982.746,2.724,-0.048
P1,1213,121300,pedestrian/bicycle,979.127,982.739,2.737,-0.074
P1,1214,121400,pedestrian/bicycle,979.401,982.731,2.752,-0.096
P1,1215,121500,pedestrian/bicycle,979.677,982.72,2.76,-0.114
P1,1216,121600,pedestrian/bicycle,979.953,982.708,2.76,-0.127
P1,1217,121700,pedestrian/bicycle,980.229,982.695,2.757,-0.132
P1,1218,121800,pedestrian/bicycle,980.505,982.682,2.763,-0.126
P1,1219,121900,pedestrian/bicycle,980.783,982.671,2.791,-0.105
P1,1220,122000,pedestrian/bicycle,981.063,982.662,2.827,-0.076
P1,1221,122100,pedestrian/bicycle,981.348,982.656,2.861,-0.046
P1,1222,122200,pedestrian/bicycle,981.636,982.653,2.902,-0.012
P1,1223,122300,pedestrian/bicycle,981.929,982.654,2.96,0.028
P1,1224,122400,pedestrian/bicycle,982.229,982.659,3.032,0.075
P1,1225,122500,pedestrian/bicycle,982.535,982.668,3.09,0.12
P1,1226,122600,pedestrian/bicycle,982.845,982.682,3.114,0.154
P1,1227,122700,pedestrian/bicycle,983.156,982.699,3.115,0.181
P1,1228,122800,pedestrian/bicycle,983.467,982.718,3.102,0.202
P1,1229,122900,pedestrian/bicycle,983.777,982.739,3.086,0.218
P1,1230,123000,pedestrian/bicycle,984.085,982.761,3.076,0.226
P1,1231,123100,pedestrian/bicycle,984.392,982.784,3.077,0.227
P1,1232,123200,pedestrian/bicycle,984.701,982.806,3.086,0.222
P1,1233,123300,pedestrian/bicycle,985.01,982.828,3.101,0.216
P1,1234,123400,pedestrian/bicycle,985.321,982.849,3.118,0.208
P1,1235,123500,pedestrian/bicycle,985.634,982.87,3.135,0.199
P1,1236,123600,pedestrian/bicycle,985.948,982.889,3.152,0.188
P1,1237,123700,pedestrian/bicycle,986.264,982.907,3.17,0.177
P1,1238,123800,pedestrian/bicycle,986.582,982.924,3.187,0.165
P1,1239,123900,pedestrian/bicycle,986.901,982.94,3.202,0.154
P1,1240,124000,pedestrian/bicycle,987.222,982.955,3.217,0.143
P1,1241,124100,pedestrian/bicycle,987.545,982.969,3.232,0.131
P1,1242,124200,pedestrian/bicycle,987.869,982.981,3.246,0.119
P1,1243,124300,pedestrian/bicycle,988.194,982.993,3.253,0.106
P1,1244,124400,pedestrian/bicycle,988.519,983.002,3.25,0.091
P1,1245,124500,pedestrian/bicycle,988.844,983.011,3.245,0.076
P1,1246,124600,pedestrian/bicycle,989.168,983.018,3.245,0.063
P1,1247,124700,pedestrian/bicycle,989.493,983.024,3.251,0.053
P1,1248,124800,pedestrian/bicycle,989.818,983.029,3.259,0.048
P1,1249,124900,pedestrian/bicycle,990.145,983.033,3.266,0.047
P1,1250,125000,pedestrian/bicycle,990.471,983.038,3.271,0.05
P1,1251,125100,pedestrian/bicycle,990.799,983.044,3.278,0.06
P1,1252,125200,pedestrian/bicycle,991.127,983.05,3.281,0.075
P1,1253,125300,pedestrian/bicycle,991.455,983.059,3.282,0.091
P1,1254,125400,pedestrian/bicycle,991.784,983.069,3.289,0.107
P1,1255,125500,pedestrian/bicycle,992.113,983.08,3.299,0.122
P1,1256,125600,pedestrian/bicycle,992.444,983.093,3.313,0.137
P1,1257,125700,pedestrian/bicycle,992.776,983.108,3.329,0.153
P1,1258,125800,pedestrian/bicycle,993.109,983.124,3.346,0.168
P1,1259,125900,pedestrian/bicycle,993.444,983.141,3.356,0.179
P1,1260,126000,pedestrian/bicycle,993.78,983.159,3.356,0.186
P1,1261,126100,pedestrian/bicycle,994.115,983.178,3.345,0.19
P1,1262,126200,pedestrian/bicycle,994.448,983.197,3.316,0.192
P1,1263,126300,pedestrian/bicycle,994.777,983.216,3.266,0.191
P1,1264,126400,pedestrian/bicycle,995.1,983.235,3.194,0.187
P1,1265,126500,pedestrian/bicycle,995.415,983.254,3.096,0.182
P1,1266,126600,pedestrian/bicycle,995.718,983.271,2.972,0.177
P1,1267,126700,pedestrian/bicycle,996.008,983.289,2.826,0.174
P1,1268,126800,pedestrian/bicycle,996.282,983.306,2.658,0.172
P1,1269,126900,pedestrian/bicycle,996.539,983.323,2.467,0.169
P1,1270,127000,pedestrian/bicycle,996.776,983.34,2.282,0.16
P1,1271,127100,pedestrian/bicycle,996.997,983.355,2.135,0.14
P1,1272,127200,pedestrian/bicycle,997.205,983.368,2.024,0.115
P1,1273,127300,pedestrian/bicycle,997.403,983.378,1.944,0.091
P1,1274,127400,pedestrian/bicycle,997.595,983.386,1.893,0.071
P1,1275,127500,pedestrian/bicycle,997.783,983.392,1.866,0.052
P1,1276,127600,pedestrian/bicycle,997.969,983.396,1.855,0.034
P1,1277,127700,pedestrian/bicycle,998.155,983.399,1.856,0.016
P1,1278,127800,pedestrian/bicycle,998.341,983.4,1.865,-0.002
P1,1279,127900,pedestrian/bicycle,998.528,983.398,1.874,-0.021
P1,1280,128000,pedestrian/bicycle,998.715,983.395,1.877,-0.038
P1,1281,128100,pedestrian/bicycle,998.902,983.391,1.869,-0.056
P1,1282,128200,pedestrian/bicycle,999.088,983.384,1.851,-0.071
P1,1283,128300,pedestrian/bicycle,999.272,983.377,1.825,-0.085
P1,1284,128400,pedestrian/bicycle,999.453,983.367,1.785,-0.1
P1,1285,128500,pedestrian/bicycle,999.628,983.357,1.726,-0.116
P1,1286,128600,pedestrian/bicycle,999.797,983.344,1.656,-0.136
P1,1287,128700,pedestrian/bicycle,999.959,983.329,1.58,-0.159
P1,1288,128800,pedestrian/bicycle,1000.113,983.312,1.505,-0.184
P1,1289,128900,pedestrian/bicycle,1000.26,983.293,1.435,-0.209
P1,1290,129000,pedestrian/bicycle,1000.401,983.27,1.371,-0.236
P1,1291,129100,pedestrian/bicycle,1000.535,983.245,1.314,-0.264
P1,1292,129200,pedestrian/bicycle,1000.664,983.217,1.263,-0.297
P1,1293,129300,pedestrian/bicycle,1000.788,983.186,1.218,-0.336
P1,1294,129400,pedestrian/bicycle,1000.907,983.15,1.176,-0.379
P1,1295,129500,pedestrian/bicycle,1001.023,983.109,1.138,-0.427
P1,1296,129600,pedestrian/bicycle,1001.135,983.064,1.11,-0.479
P1,1297,129700,pedestrian/bicycle,1001.246,983.014,1.095,-0.534
P1,1298,129800,pedestrian/bicycle,1001.355,982.958,1.084,-0.587
P1,1299,129900,pedestrian/bicycle,1001.462,982.897,1.068,-0.634
P1,1300,130000,pedestrian/bicycle,1001.568,982.831,1.056,-0.674
P1,1301,130100,pedestrian/bicycle,1001.674,982.762,1.056,-0.711
P1,1302,130200,pedestrian/bicycle,1001.781,982.689,1.074,-0.746
P1,1303,130300,pedestrian/bicycle,1001.89,982.612,1.112,-0.786
P1,1304,130400,pedestrian/bicycle,1002.004,982.532,1.169,-0.83
P1,1305,130500,pedestrian/bicycle,1002.124,982.446,1.237,-0.874
P1,1306,130600,pedestrian/bicycle,1002.251,982.357,1.3,-0.904
P1,1307,130700,pedestrian/bicycle,1002.383,982.267,1.341,-0.911
P1,1308,130800,pedestrian/bicycle,1002.518,982.177,1.349,-0.89
P1,1309,130900,pedestrian/bicycle,1002.651,982.09,1.32,-0.844
P1,1310,131000,pedestrian/bicycle,1002.78,982.009,1.266,-0.779
P1,1311,131100,pedestrian/bicycle,1002.904,981.935,1.202,-0.705
P1,1312,131200,pedestrian/bicycle,1003.021,981.868,1.145,-0.629
P1,1313,131300,pedestrian/bicycle,1003.134,981.809,1.105,-0.554
P1,1314,131400,pedestrian/bicycle,1003.244,981.757,1.095,-0.488
P1,1315,131500,pedestrian/bicycle,1003.354,981.711,1.118,-0.43
P1,1316,131600,pedestrian/bicycle,1003.469,981.67,1.165,-0.376
P1,1317,131700,pedestrian/bicycle,1003.588,981.635,1.232,-0.322
P1,1318,131800,pedestrian/bicycle,1003.715,981.606,1.308,-0.264
P1,1319,131900,pedestrian/bicycle,1003.85,981.583,1.394,-0.202
P1,1320,132000,pedestrian/bicycle,1003.994,981.566,1.486,-0.14
P1,1321,132100,pedestrian/bicycle,1004.148,981.555,1.576,-0.081
P1,1322,132200,pedestrian/bicycle,1004.31,981.549,1.662,-0.027
P1,1323,132300,pedestrian/bicycle,1004.48,981.549,1.743,0.023
P1,1324,132400,pedestrian/bicycle,1004.658,981.554,1.815,0.07
P1,1325,132500,pedestrian/bicycle,1004.842,981.563,1.879,0.115
P1,1326,132600,pedestrian/bicycle,1005.033,981.577,1.939,0.157
P1,1327,132700,pedestrian/bicycle,1005.23,981.594,1.994,0.197
P1,1328,132800,pedestrian/bicycle,1005.432,981.616,2.048,0.233
P1,1329,132900,pedestrian/bicycle,1005.64,981.641,2.103,0.267
P1,1330,133000,pedestrian/bicycle,1005.853,981.669,2.159,0.297
P1,1331,133100,pedestrian/bicycle,1006.071,981.7,2.212,0.321
P1,1332,133200,pedestrian/bicycle,1006.295,981.733,2.256,0.337
P1,1333,133300,pedestrian/bicycle,1006.522,981.767,2.286,0.342
P1,1334,133400,pedestrian/bicycle,1006.751,981.801,2.3,0.334
P1,1335,133500,pedestrian/bicycle,1006.982,981.833,2.317,0.32
P1,1336,133600,pedestrian/bicycle,1007.215,981.865,2.35,0.304
P1,1337,133700,pedestrian/bicycle,1007.452,981.894,2.391,0.285
P1,1338,133800,pedestrian/bicycle,1007.694,981.921,2.436,0.259
P1,1339,133900,pedestrian/bicycle,1007.939,981.945,2.48,0.227
P1,1340,134000,pedestrian/bicycle,1008.189,981.966,2.521,0.188
P1,1341,134100,pedestrian/bicycle,1008.443,981.983,2.558,0.146
P1,1342,134200,pedestrian/bicycle,1008.701,981.995,2.592,0.101
P1,1343,134300,pedestrian/bicycle,1008.962,982.003,2.627,0.056
P1,1344,134400,pedestrian/bicycle,1009.226,982.007,2.664,0.012
P1,1345,134500,pedestrian/bicycle,1009.495,982.006,2.707,-0.028
P1,1346,134600,pedestrian/bicycle,1009.768,982.001,2.756,-0.061
P1,1347,134700,pedestrian/bicycle,1010.046,981.994,2.81,-0.085
P1,1348,134800,pedestrian/bicycle,1010.33,981.985,2.865,-0.099
P1,1349,134900,pedestrian/bicycle,1010.619,981.975,2.919,-0.102
P1,1350,135000,pedestrian/bicycle,1010.914,981.965,2.975,-0.096
P1,1351,135100,pedestrian/bicycle,1011.214,981.956,3.028,-0.083
P1,1352,135200,pedestrian/bicycle,1011.519,981.948,3.078,-0.067
P1,1353,135300,pedestrian/bicycle,1011.83,981.943,3.125,-0.051
P1,1354,135400,pedestrian/bicycle,1012.144,981.938,3.168,-0.038
P1,1355,135500,pedestrian/bicycle,1012.463,981.935,3.207,-0.03
P1,1356,135600,pedestrian/bicycle,1012.786,981.932,3.243,-0.027
P1,1357,135700,pedestrian/bicycle,1013.112,981.929,3.28,-0.028
P1,1358,135800,pedestrian/bicycle,1013.442,981.926,3.317,-0.031
P1,1359,135900,pedestrian/bicycle,1013.775,981.923,3.357,-0.028
P1,1360,136000,pedestrian/bicycle,1014.113,981.921,3.397,-0.012
P1,1361,136100,pedestrian/bicycle,1014.455,981.921,3.438,0.015
P1,1362,136200,pedestrian/bicycle,1014.801,981.925,3.486,0.052
P1,1363,136300,pedestrian/bicycle,1015.152,981.932,3.543,0.1
P1,1364,136400,pedestrian/bicycle,1015.51,981.945,3.606,0.158
P1,1365,136500,pedestrian/bicycle,1015.874,981.964,3.67,0.222
P1,1366,136600,pedestrian/bicycle,1016.244,981.99,3.729,0.291
P1,1367,136700,pedestrian/bicycle,1016.619,982.023,3.784,0.362
P1,1368,136800,pedestrian/bicycle,1017,982.062,3.832,0.434
P1,1369,136900,pedestrian/bicycle,1017.386,982.109,3.879,0.507
P1,1370,137000,pedestrian/bicycle,1017.776,982.164,3.927,0.58
P1,1371,137100,pedestrian/bicycle,1018.171,982.225,3.973,0.653
P1,1372,137200,pedestrian/bicycle,1018.57,982.294,4.012,0.724
P1,1373,137300,pedestrian/bicycle,1018.973,982.37,4.04,0.792
P1,1374,137400,pedestrian/bicycle,1019.377,982.452,4.048,0.857
P1,1375,137500,pedestrian/bicycle,1019.781,982.541,4.019,0.923
P1,1376,137600,pedestrian/bicycle,1020.178,982.637,3.937,0.991
P1,1377,137700,pedestrian/bicycle,1020.566,982.74,3.811,1.069
P1,1378,137800,pedestrian/bicycle,1020.94,982.851,3.678,1.157
P1,1379,137900,pedestrian/bicycle,1021.303,982.972,3.576,1.25
P1,1380,138000,pedestrian/bicycle,1021.658,983.102,3.518,1.348
P1,1381,138100,pedestrian/bicycle,1022.008,983.242,3.487,1.449
P1,1382,138200,pedestrian/bicycle,1022.355,983.391,3.463,1.547
P1,1383,138300,pedestrian/bicycle,1022.7,983.55,3.438,1.634
P1,1384,138400,pedestrian/bicycle,1023.043,983.717,3.423,1.709
P1,1385,138500,pedestrian/bicycle,1023.386,983.892,3.425,1.779
P1,1386,138600,pedestrian/bicycle,1023.729,984.073,3.441,1.844
P1,1387,138700,pedestrian/bicycle,1024.075,984.261,3.473,1.909
P1,1388,138800,pedestrian/bicycle,1024.424,984.455,3.511,1.975
P1,1389,138900,pedestrian/bicycle,1024.777,984.656,3.544,2.041
P1,1390,139000,pedestrian/bicycle,1025.132,984.863,3.564,2.11
P1,1391,139100,pedestrian/bicycle,1025.489,985.078,3.565,2.182
P1,1392,139200,pedestrian/bicycle,1025.844,985.3,3.544,2.256
P1,1393,139300,pedestrian/bicycle,1026.197,985.529,3.506,2.335
P1,1394,139400,pedestrian/bicycle,1026.545,985.767,3.461,2.416
P1,1395,139500,pedestrian/bicycle,1026.889,986.012,3.413,2.496
P1,1396,139600,pedestrian/bicycle,1027.227,986.266,3.359,2.571
P1,1397,139700,pedestrian/bicycle,1027.56,986.526,3.306,2.643
P1,1398,139800,pedestrian/bicycle,1027.889,986.794,3.257,2.713
P1,1399,139900,pedestrian/bicycle,1028.212,987.069,3.209,2.78
P1,1400,140000,pedestrian/bicycle,1028.531,987.35,3.163,2.846
P1,1401,140100,pedestrian/bicycle,1028.845,987.638,3.12,2.912
P1,1402,140200,pedestrian/bicycle,1029.154,987.932,3.072,2.975
P1,1403,140300,pedestrian/bicycle,1029.459,988.233,3.021,3.04
P1,1404,140400,pedestrian/bicycle,1029.759,988.541,2.971,3.112
P1,1405,140500,pedestrian/bicycle,1030.053,988.856,2.923,3.191
P1,1406,140600,pedestrian/bicycle,1030.343,989.179,2.875,3.277
P1,1407,140700,pedestrian/bicycle,1030.628,989.512,2.825,3.371
P1,1408,140800,pedestrian/bicycle,1030.908,989.854,2.769,3.473
P1,1409,140900,pedestrian/bicycle,1031.182,990.207,2.706,3.579
P1,1410,141000,pedestrian/bicycle,1031.449,990.57,2.64,3.688
P1,1411,141100,pedestrian/bicycle,1031.709,990.944,2.569,3.797
P1,1412,141200,pedestrian/bicycle,1031.963,991.329,2.494,3.901
P1,1413,141300,pedestrian/bicycle,1032.208,991.724,2.41,3.999
P1,1414,141400,pedestrian/bicycle,1032.444,992.129,2.317,4.093
P1,1415,141500,pedestrian/bicycle,1032.671,992.542,2.22,4.183
P1,1416,141600,pedestrian/bicycle,1032.888,992.965,2.121,4.274
P1,1417,141700,pedestrian/bicycle,1033.095,993.397,2.021,4.366
P1,1418,141800,pedestrian/bicycle,1033.292,993.838,1.922,4.456
P1,1419,141900,pedestrian/bicycle,1033.48,994.288,1.827,4.545
P1,1420,142000,pedestrian/bicycle,1033.658,994.747,1.735,4.628
P1,1421,142100,pedestrian/bicycle,1033.827,995.213,1.648,4.696
P1,1422,142200,pedestrian/bicycle,1033.988,995.685,1.567,4.746
P1,1423,142300,pedestrian/bicycle,1034.141,996.161,1.491,4.775
P1,1424,142400,pedestrian/bicycle,1034.287,996.639,1.426,4.788
P1,1425,142500,pedestrian/bicycle,1034.426,997.119,1.371,4.796
P1,1426,142600,pedestrian/bicycle,1034.561,997.599,1.327,4.81
P1,1427,142700,pedestrian/bicycle,1034.692,998.08,1.296,4.823
P1,1428,142800,pedestrian/bicycle,1034.821,998.563,1.279,4.832
P1,1429,142900,pedestrian/bicycle,1034.949,999.047,1.273,4.846
P1,1430,143000,pedestrian/bicycle,1035.076,999.533,1.272,4.866
P1,1431,143100,pedestrian/bicycle,1035.203,1000.02,1.27,4.886
P1,1432,143200,pedestrian/bicycle,1035.33,1000.51,1.267,4.902
P1,1433,143300,pedestrian/bicycle,1035.457,1001,1.264,4.912
P1,1434,143400,pedestrian/bicycle,1035.583,1001.491,1.265,4.909
P1,1435,143500,pedestrian/bicycle,1035.71,1001.981,1.273,4.889
P1,1436,143600,pedestrian/bicycle,1035.838,1002.469,1.29,4.855
P1,1437,143700,pedestrian/bicycle,1035.968,1002.952,1.318,4.813
P1,1438,143800,pedestrian/bicycle,1036.102,1003.431,1.353,4.763
P1,1439,143900,pedestrian/bicycle,1036.239,1003.904,1.391,4.709
P1,1440,144000,pedestrian/bicycle,1036.38,1004.373,1.431,4.655
P1,1441,144100,pedestrian/bicycle,1036.525,1004.835,1.471,4.6
P1,1442,144200,pedestrian/bicycle,1036.674,1005.293,1.51,4.545
P1,1443,144300,pedestrian/bicycle,1036.827,1005.745,1.549,4.495
P1,1444,144400,pedestrian/bicycle,1036.984,1006.192,1.59,4.458
P1,1445,144500,pedestrian/bicycle,1037.145,1006.637,1.633,4.44
P1,1446,144600,pedestrian/bicycle,1037.311,1007.081,1.677,4.434
P1,1447,144700,pedestrian/bicycle,1037.481,1007.524,1.719,4.433
P1,1448,144800,pedestrian/bicycle,1037.654,1007.967,1.754,4.432
P1,1449,144900,pedestrian/bicycle,1037.831,1008.411,1.783,4.431
P1,1450,145000,pedestrian/bicycle,1038.011,1008.854,1.805,4.433
P1,1451,145100,pedestrian/bicycle,1038.192,1009.297,1.819,4.435
P1,1452,145200,pedestrian/bicycle,1038.374,1009.741,1.834,4.435
P1,1453,145300,pedestrian/bicycle,1038.559,1010.184,1.854,4.436
P1,1454,145400,pedestrian/bicycle,1038.745,1010.628,1.875,4.435
P1,1455,145500,pedestrian/bicycle,1038.933,1011.071,1.888,4.43
P1,1456,145600,pedestrian/bicycle,1039.122,1011.514,1.889,4.419
P1,1457,145700,pedestrian/bicycle,1039.311,1011.954,1.877,4.399
P1,1458,145800,pedestrian/bicycle,1039.497,1012.393,1.852,4.375
P1,1459,145900,pedestrian/bicycle,1039.681,1012.83,1.829,4.356
P1,1460,146000,pedestrian/bicycle,1039.864,1013.265,1.821,4.353
P1,1461,146100,pedestrian/bicycle,1040.046,1013.7,1.825,4.344
P1,1462,146200,pedestrian/bicycle,1040.229,1014.133,1.833,4.313
P1,1463,146300,pedestrian/bicycle,1040.412,1014.561,1.84,4.255
P1,1464,146400,pedestrian/bicycle,1040.597,1014.983,1.843,4.175
P1,1465,146500,pedestrian/bicycle,1040.781,1015.395,1.849,4.081
P1,1466,146600,pedestrian/bicycle,1040.967,1015.799,1.865,3.993
P1,1467,146700,pedestrian/bicycle,1041.155,1016.195,1.898,3.929
P1,1468,146800,pedestrian/bicycle,1041.347,1016.586,1.948,3.888
P1,1469,146900,pedestrian/bicycle,1041.545,1016.974,2.009,3.861
P1,1470,147000,pedestrian/bicycle,1041.75,1017.359,2.082,3.848
P1,1471,147100,pedestrian/bicycle,1041.961,1017.743,2.154,3.832
P1,1472,147200,pedestrian/bicycle,1042.18,1018.125,2.219,3.798
P1,1473,147300,pedestrian/bicycle,1042.405,1018.502,2.279,3.751
P1,1474,147400,pedestrian/bicycle,1042.636,1018.874,2.331,3.695
P1,1475,147500,pedestrian/bicycle,1042.871,1019.241,2.372,3.636
P1,1476,147600,pedestrian/bicycle,1043.109,1019.601,2.401,3.576
P1,1477,147700,pedestrian/bicycle,1043.35,1019.956,2.417,3.521
P1,1478,147800,pedestrian/bicycle,1043.592,1020.306,2.423,3.475
P1,1479,147900,pedestrian/bicycle,1043.835,1020.652,2.422,3.44
P1,1480,148000,pedestrian/bicycle,1044.076,1020.995,2.413,3.417
P1,1481,148100,pedestrian/bicycle,1044.317,1021.336,2.393,3.4
P1,1482,148200,pedestrian/bicycle,1044.555,1021.675,2.362,3.388
P1,1483,148300,pedestrian/bicycle,1044.789,1022.013,2.325,3.383
P1,1484,148400,pedestrian/bicycle,1045.019,1022.352,2.284,3.384
P1,1485,148500,pedestrian/bicycle,1045.245,1022.69,2.237,3.387
P1,1486,148600,pedestrian/bicycle,1045.467,1023.029,2.186,3.39
P1,1487,148700,pedestrian/bicycle,1045.682,1023.368,2.13,3.388
P1,1488,148800,pedestrian/bicycle,1045.892,1023.706,2.071,3.378
P1,1489,148900,pedestrian/bicycle,1046.097,1024.043,2.012,3.362
P1,1490,149000,pedestrian/bicycle,1046.295,1024.378,1.954,3.336
P1,1491,149100,pedestrian/bicycle,1046.487,1024.71,1.897,3.3
P1,1492,149200,pedestrian/bicycle,1046.674,1025.038,1.839,3.249
P1,1493,149300,pedestrian/bicycle,1046.855,1025.359,1.78,3.182
P1,1494,149400,pedestrian/bicycle,1047.03,1025.673,1.717,3.1
P1,1495,149500,pedestrian/bicycle,1047.199,1025.978,1.654,3.003
P1,1496,149600,pedestrian/bicycle,1047.361,1026.273,1.589,2.892
P1,1497,149700,pedestrian/bicycle,1047.516,1026.556,1.522,2.772
P1,1498,149800,pedestrian/bicycle,1047.665,1026.827,1.454,2.648
P1,1499,149900,pedestrian/bicycle,1047.807,1027.086,1.39,2.53
P1,1500,150000,pedestrian/bicycle,1047.944,1027.334,1.338,2.436
P1,1501,150100,pedestrian/bicycle,1048.076,1027.575,1.309,2.382
P1,1502,150200,pedestrian/bicycle,1048.207,1027.813,1.3,2.366
P2,1453,145300,pedestrian/bicycle,1060.106,975.228,-4.168,3.188
P2,1454,145400,pedestrian/bicycle,1059.684,975.549,-4.267,3.215
P2,1455,145500,pedestrian/bicycle,1059.253,975.871,-4.363,3.242
P2,1456,145600,pedestrian/bicycle,1058.812,976.197,-4.452,3.274
P2,1457,145700,pedestrian/bicycle,1058.363,976.527,-4.535,3.312
P2,1458,145800,pedestrian/bicycle,1057.905,976.86,-4.609,3.349
P2,1459,145900,pedestrian/bicycle,1057.441,977.196,-4.669,3.375
P2,1460,146000,pedestrian/bicycle,1056.972,977.534,-4.717,3.387
P2,1461,146100,pedestrian/bicycle,1056.499,977.873,-4.752,3.393
P2,1462,146200,pedestrian/bicycle,1056.022,978.213,-4.78,3.403
P2,1463,146300,pedestrian/bicycle,1055.543,978.554,-4.801,3.419
P2,1464,146400,pedestrian/bicycle,1055.063,978.897,-4.806,3.434
P2,1465,146500,pedestrian/bicycle,1054.583,979.24,-4.794,3.434
P2,1466,146600,pedestrian/bicycle,1054.105,979.582,-4.766,3.409
P2,1467,146700,pedestrian/bicycle,1053.63,979.921,-4.728,3.361
P2,1468,146800,pedestrian/bicycle,1053.16,980.253,-4.674,3.289
P2,1469,146900,pedestrian/bicycle,1052.696,980.578,-4.603,3.201
P2,1470,147000,pedestrian/bicycle,1052.24,980.893,-4.522,3.108
P2,1471,147100,pedestrian/bicycle,1051.792,981.2,-4.432,3.022
P2,1472,147200,pedestrian/bicycle,1051.354,981.498,-4.339,2.945
P2,1473,147300,pedestrian/bicycle,1050.924,981.789,-4.246,2.877
P2,1474,147400,pedestrian/bicycle,1050.504,982.074,-4.155,2.813
P2,1475,147500,pedestrian/bicycle,1050.093,982.352,-4.065,2.753
P2,1476,147600,pedestrian/bicycle,1049.691,982.624,-3.979,2.692
P2,1477,147700,pedestrian/bicycle,1049.297,982.89,-3.894,2.628
P2,1478,147800,pedestrian/bicycle,1048.913,983.149,-3.802,2.557
P2,1479,147900,pedestrian/bicycle,1048.537,983.401,-3.702,2.482
P2,1480,148000,pedestrian/bicycle,1048.172,983.646,-3.597,2.413
P2,1481,148100,pedestrian/bicycle,1047.818,983.884,-3.49,2.354
P2,1482,148200,pedestrian/bicycle,1047.474,984.117,-3.383,2.305
P2,1483,148300,pedestrian/bicycle,1047.142,984.345,-3.273,2.261
P2,1484,148400,pedestrian/bicycle,1046.82,984.569,-3.156,2.217
P2,1485,148500,pedestrian/bicycle,1046.511,984.789,-3.036,2.175
P2,1486,148600,pedestrian/bicycle,1046.213,985.005,-2.918,2.137
P2,1487,148700,pedestrian/bicycle,1045.927,985.216,-2.799,2.099
P2,1488,148800,pedestrian/bicycle,1045.653,985.425,-2.688,2.073
P2,1489,148900,pedestrian/bicycle,1045.389,985.632,-2.593,2.063
P2,1490,149000,pedestrian/bicycle,1045.134,985.838,-2.511,2.065
P2,1491,149100,pedestrian/bicycle,1044.886,986.045,-2.434,2.07
P2,1492,149200,pedestrian/bicycle,1044.646,986.252,-2.363,2.081
P2,1493,149300,pedestrian/bicycle,1044.412,986.462,-2.316,2.104
P2,1494,149400,pedestrian/bicycle,1044.182,986.674,-2.302,2.142
P2,1495,149500,pedestrian/bicycle,1043.951,986.891,-2.317,2.194
P2,1496,149600,pedestrian/bicycle,1043.717,987.113,-2.349,2.257
P2,1497,149700,pedestrian/bicycle,1043.48,987.343,-2.394,2.331
P2,1498,149800,pedestrian/bicycle,1043.238,987.58,-2.449,2.417
P2,1499,149900,pedestrian/bicycle,1042.99,987.826,-2.506,2.51
P2,1500,150000,pedestrian/bicycle,1042.737,988.082,-2.559,2.6
P2,1501,150100,pedestrian/bicycle,1042.479,988.346,-2.597,2.679
P2,1502,150200,pedestrian/bicycle,1042.219,988.617,-2.606,2.736
P2,1503,150300,pedestrian/bicycle,1041.96,988.892,-2.575,2.767
P2,1504,150400,pedestrian/bicycle,1041.706,989.168,-2.505,2.766
P2,1505,150500,pedestrian/bicycle,1041.46,989.444,-2.411,2.74
P2,1506,150600,pedestrian/bicycle,1041.225,989.715,-2.292,2.691
P2,1507,150700,pedestrian/bicycle,1041.003,989.981,-2.153,2.617
P2,1508,150800,pedestrian/bicycle,1040.795,990.238,-2.013,2.525
P2,1509,150900,pedestrian/bicycle,1040.6,990.485,-1.886,2.424
P2,1510,151000,pedestrian/bicycle,1040.416,990.723,-1.781,2.324
P2,1511,151100,pedestrian/bicycle,1040.242,990.95,-1.7,2.224
P2,1512,151200,pedestrian/bicycle,1040.075,991.168,-1.644,2.128
P2,1513,151300,pedestrian/bicycle,1039.913,991.376,-1.603,2.036
P2,1514,151400,pedestrian/bicycle,1039.754,991.575,-1.575,1.946
P2,1515,151500,pedestrian/bicycle,1039.597,991.765,-1.555,1.862
P2,1516,151600,pedestrian/bicycle,1039.443,991.948,-1.539,1.787
P2,1517,151700,pedestrian/bicycle,1039.289,992.124,-1.531,1.732
P2,1518,151800,pedestrian/bicycle,1039.136,992.295,-1.532,1.703
P2,1519,151900,pedestrian/bicycle,1038.982,992.466,-1.539,1.702
P2,1520,152000,pedestrian/bicycle,1038.828,992.637,-1.547,1.729
P2,1521,152100,pedestrian/bicycle,1038.673,992.813,-1.553,1.781
P2,1522,152200,pedestrian/bicycle,1038.518,992.995,-1.553,1.859
P2,1523,152300,pedestrian/bicycle,1038.363,993.186,-1.546,1.963
P2,1524,152400,pedestrian/bicycle,1038.209,993.389,-1.536,2.091
P2,1525,152500,pedestrian/bicycle,1038.056,993.605,-1.529,2.236
P2,1526,152600,pedestrian/bicycle,1037.903,993.836,-1.524,2.389
P2,1527,152700,pedestrian/bicycle,1037.751,994.083,-1.519,2.548
P2,1528,152800,pedestrian/bicycle,1037.599,994.346,-1.515,2.71
P2,1529,152900,pedestrian/bicycle,1037.447,994.625,-1.516,2.871
P2,1530,153000,pedestrian/bicycle,1037.295,994.92,-1.525,3.027
P2,1531,153100,pedestrian/bicycle,1037.142,995.23,-1.541,3.177
P2,1532,153200,pedestrian/bicycle,1036.987,995.555,-1.568,3.32
P2,1533,153300,pedestrian/bicycle,1036.828,995.893,-1.608,3.45
P2,1534,153400,pedestrian/bicycle,1036.664,996.244,-1.662,3.563
P2,1535,153500,pedestrian/bicycle,1036.495,996.605,-1.729,3.66
P2,1536,153600,pedestrian/bicycle,1036.318,996.975,-1.809,3.74
P2,1537,153700,pedestrian/bicycle,1036.132,997.353,-1.902,3.809
P2,1538,153800,pedestrian/bicycle,1035.937,997.737,-2.01,3.871
P2,1539,153900,pedestrian/bicycle,1035.73,998.127,-2.132,3.927
P2,1540,154000,pedestrian/bicycle,1035.51,998.522,-2.267,3.977
P2,1541,154100,pedestrian/bicycle,1035.276,998.922,-2.411,4.018
P2,1542,154200,pedestrian/bicycle,1035.027,999.325,-2.562,4.048
P2,1543,154300,pedestrian/bicycle,1034.763,999.731,-2.713,4.069
P2,1544,154400,pedestrian/bicycle,1034.485,1000.138,-2.86,4.082
P2,1545,154500,pedestrian/bicycle,1034.192,1000.547,-2.997,4.088
P2,1546,154600,pedestrian/bicycle,1033.886,1000.956,-3.127,4.095
P2,1547,154700,pedestrian/bicycle,1033.567,1001.366,-3.25,4.103
P2,1548,154800,pedestrian/bicycle,1033.236,1001.777,-3.368,4.115
P2,1549,154900,pedestrian/bicycle,1032.893,1002.189,-3.482,4.128
P2,1550,155000,pedestrian/bicycle,1032.54,1002.602,-3.592,4.141
P2,1551,155100,pedestrian/bicycle,1032.175,1003.017,-3.697,4.156
P2,1552,155200,pedestrian/bicycle,1031.8,1003.434,-3.797,4.172
P2,1553,155300,pedestrian/bicycle,1031.416,1003.852,-3.896,4.187
P2,1554,155400,pedestrian/bicycle,1031.021,1004.271,-3.997,4.199
P2,1555,155500,pedestrian/bicycle,1030.616,1004.691,-4.102,4.207
P2,1556,155600,pedestrian/bicycle,1030.2,1005.112,-4.21,4.206
P2,1557,155700,pedestrian/bicycle,1029.774,1005.532,-4.323,4.195
P2,1558,155800,pedestrian/bicycle,1029.336,1005.95,-4.441,4.179
P2,1559,155900,pedestrian/bicycle,1028.886,1006.367,-4.56,4.16
P2,1560,156000,pedestrian/bicycle,1028.424,1006.782,-4.673,4.138
P2,1561,156100,pedestrian/bicycle,1027.952,1007.195,-4.775,4.113
P2,1562,156200,pedestrian/bicycle,1027.47,1007.605,-4.861,4.091
P2,1563,156300,pedestrian/bicycle,1026.98,1008.013,-4.927,4.072
P2,1564,156400,pedestrian/bicycle,1026.485,1008.42,-4.971,4.052
P2,1565,156500,pedestrian/bicycle,1025.987,1008.824,-4.997,4.031
P2,1566,156600,pedestrian/bicycle,1025.487,1009.226,-5.011,4.011
P2,1567,156700,pedestrian/bicycle,1024.985,1009.626,-5.016,3.992
P2,1568,156800,pedestrian/bicycle,1024.484,1010.024,-5.014,3.971
P2,1569,156900,pedestrian/bicycle,1023.983,1010.42,-5.009,3.948
P2,1570,157000,pedestrian/bicycle,1023.482,1010.814,-5.004,3.925
P2,1571,157100,pedestrian/bicycle,1022.982,1011.205,-5.003,3.906
P2,1572,157200,pedestrian/bicycle,1022.481,1011.595,-5.01,3.894
P2,1573,157300,pedestrian/bicycle,1021.979,1011.984,-5.026,3.886
P2,1574,157400,pedestrian/bicycle,1021.475,1012.372,-5.05,3.876
P2,1575,157500,pedestrian/bicycle,1020.969,1012.759,-5.079,3.862
P2,1576,157600,pedestrian/bicycle,1020.459,1013.145,-5.118,3.85
P2,1577,157700,pedestrian/bicycle,1019.945,1013.53,-5.171,3.845
P2,1578,157800,pedestrian/bicycle,1019.425,1013.914,-5.231,3.848
P2,1579,157900,pedestrian/bicycle,1018.899,1014.3,-5.285,3.855
P2,1580,158000,pedestrian/bicycle,1018.368,1014.685,-5.322,3.861
P2,1581,158100,pedestrian/bicycle,1017.835,1015.072,-5.34,3.867
P2,1582,158200,pedestrian/bicycle,1017.301,1015.458,-5.341,3.867
P2,1583,158300,pedestrian/bicycle,1016.768,1015.845,-5.325,3.861
P2,1584,158400,pedestrian/bicycle,1016.237,1016.23,-5.288,3.85
P2,1585,158500,pedestrian/bicycle,1015.711,1016.615,-5.233,3.836
P2,1586,158600,pedestrian/bicycle,1015.191,1016.997,-5.163,3.82
P2,1587,158700,pedestrian/bicycle,1014.68,1017.378,-5.076,3.799
P2,1588,158800,pedestrian/bicycle,1014.177,1017.757,-4.981,3.77
P2,1589,158900,pedestrian/bicycle,1013.683,1018.132,-4.883,3.735
P2,1590,159000,pedestrian/bicycle,1013.2,1018.504,-4.782,3.694
P2,1591,159100,pedestrian/bicycle,1012.727,1018.871,-4.677,3.647
P2,1592,159200,pedestrian/bicycle,1012.265,1019.233,-4.568,3.593
P2,1593,159300,pedestrian/bicycle,1011.814,1019.589,-4.452,3.531
P2,1594,159400,pedestrian/bicycle,1011.375,1019.939,-4.334,3.473
P2,1595,159500,pedestrian/bicycle,1010.947,1020.284,-4.226,3.428
P2,1596,159600,pedestrian/bicycle,1010.529,1020.626,-4.138,3.402
P2,1597,159700,pedestrian/bicycle,1010.118,1020.965,-4.066,3.385
P2,1598,159800,pedestrian/bicycle,1009.716,1021.301,-3.976,3.344
P2,1599,159900,pedestrian/bicycle,1009.327,1021.629,-3.8,3.216
P2,1600,160000,pedestrian/bicycle,1008.962,1021.939,-3.514,2.984
P2,1601,160100,pedestrian/bicycle,1008.627,1022.224,-3.178,2.707
P2,1602,160200,pedestrian/bicycle,1008.325,1022.481,-2.861,2.443
P2,1603,160300,pedestrian/bicycle,1008.052,1022.715,-2.607,2.23
P2,1604,160400,pedestrian/bicycle,1007.799,1022.931,-2.437,2.086
P2,1605,160500,pedestrian/bicycle,1007.56,1023.136,-2.35,2.013
P2,1606,160600,pedestrian/bicycle,1007.326,1023.336,-2.325,1.992
P3,1636,163600,pedestrian/bicycle,995.425,1012.699,1.497,1.167
P3,1637,163700,pedestrian/bicycle,995.573,1012.816,1.467,1.161
P3,1638,163800,pedestrian/bicycle,995.719,1012.932,1.439,1.155
P3,1639,163900,pedestrian/bicycle,995.861,1013.047,1.411,1.15
P3,1640,164000,pedestrian/bicycle,996.001,1013.162,1.385,1.146
P3,1641,164100,pedestrian/bicycle,996.138,1013.276,1.364,1.145
P3,1642,164200,pedestrian/bicycle,996.274,1013.391,1.352,1.143
P3,1643,164300,pedestrian/bicycle,996.409,1013.505,1.346,1.143
P3,1644,164400,pedestrian/bicycle,996.544,1013.62,1.346,1.147
P3,1645,164500,pedestrian/bicycle,996.679,1013.735,1.35,1.157
P3,1646,164600,pedestrian/bicycle,996.814,1013.851,1.359,1.173
P3,1647,164700,pedestrian/bicycle,996.95,1013.97,1.37,1.199
P3,1648,164800,pedestrian/bicycle,997.088,1014.092,1.379,1.237
P3,1649,164900,pedestrian/bicycle,997.226,1014.218,1.385,1.285
P3,1650,165000,pedestrian/bicycle,997.365,1014.349,1.391,1.334
P3,1651,165100,pedestrian/bicycle,997.504,1014.484,1.387,1.377
P3,1652,165200,pedestrian/bicycle,997.642,1014.623,1.37,1.408
P3,1653,165300,pedestrian/bicycle,997.777,1014.765,1.339,1.425
P3,1654,165400,pedestrian/bicycle,997.909,1014.908,1.3,1.433
P3,1655,165500,pedestrian/bicycle,998.037,1015.051,1.259,1.43
P3,1656,165600,pedestrian/bicycle,998.161,1015.193,1.214,1.416
P3,1657,165700,pedestrian/bicycle,998.28,1015.334,1.165,1.389
P3,1658,165800,pedestrian/bicycle,998.393,1015.471,1.106,1.348
P3,1659,165900,pedestrian/bicycle,998.5,1015.602,1.036,1.288
P3,1660,166000,pedestrian/bicycle,998.6,1015.727,0.951,1.202
P3,1661,166100,pedestrian/bicycle,998.69,1015.842,0.862,1.103
P3,1662,166200,pedestrian/bicycle,998.773,1015.948,0.791,1.02
P3,1663,166300,pedestrian/bicycle,998.85,1016.048,0.753,0.975
P3,1664,166400,pedestrian/bicycle,998.926,1016.146,0.758,0.978
P3,1665,166500,pedestrian/bicycle,999.004,1016.246,0.808,1.034
P3,1666,166600,pedestrian/bicycle,999.089,1016.355,0.901,1.141
P3,1667,166700,pedestrian/bicycle,999.186,1016.476,1.027,1.286
P3,1668,166800,pedestrian/bicycle,999.295,1016.613,1.168,1.448
P3,1669,166900,pedestrian/bicycle,999.419,1016.765,1.3,1.595
P3,1670,167000,pedestrian/bicycle,999.553,1016.929,1.388,1.685
P3,1671,167100,pedestrian/bicycle,999.693,1017.098,1.412,1.692
P3,1672,167200,pedestrian/bicycle,999.833,1017.264,1.39,1.635
P3,1673,167300,pedestrian/bicycle,999.971,1017.424,1.353,1.553
P3,1674,167400,pedestrian/bicycle,1000.104,1017.575,1.319,1.475
P3,1675,167500,pedestrian/bicycle,1000.235,1017.72,1.3,1.415
P3,1676,167600,pedestrian/bicycle,1000.365,1017.859,1.291,1.377
P3,1677,167700,pedestrian/bicycle,1000.493,1017.996,1.283,1.354
P3,1678,167800,pedestrian/bicycle,1000.621,1018.131,1.279,1.35
P3,1679,167900,pedestrian/bicycle,1000.75,1018.268,1.302,1.379
P3,1680,168000,pedestrian/bicycle,1000.884,1018.409,1.365,1.447
P3,1681,168100,pedestrian/bicycle,1001.026,1018.559,1.47,1.547
P3,1682,168200,pedestrian/bicycle,1001.18,1018.719,1.608,1.66
P3,1683,168300,pedestrian/bicycle,1001.348,1018.89,1.758,1.755
P3,1684,168400,pedestrian/bicycle,1001.531,1019.069,1.907,1.824
P3,1685,168500,pedestrian/bicycle,1001.729,1019.254,2.052,1.876
P3,1686,168600,pedestrian/bicycle,1001.94,1019.443,2.172,1.909
P3,1687,168700,pedestrian/bicycle,1002.16,1019.633,2.231,1.902
P3,1688,168800,pedestrian/bicycle,1002.382,1019.82,2.195,1.832
P3,1689,168900,pedestrian/bicycle,1002.594,1019.996,2.05,1.677
P3,1690,169000,pedestrian/bicycle,1002.787,1020.151,1.801,1.429
P3,1691,169100,pedestrian/bicycle,1002.95,1020.277,1.475,1.105
P3,1692,169200,pedestrian/bicycle,1003.08,1020.37,1.118,0.75
P3,1693,169300,pedestrian/bicycle,1003.175,1020.429,0.786,0.417
P3,1694,169400,pedestrian/bicycle,1003.241,1020.457,0.522,0.156
P3,1695,169500,pedestrian/bicycle,1003.285,1020.466,0.366,0.011
P3,1696,169600,pedestrian/bicycle,1003.32,1020.466,0.325,-0.011
P3,1697,169700,pedestrian/bicycle,1003.355,1020.468,0.378,0.058
P3,1698,169800,pedestrian/bicycle,1003.399,1020.48,0.501,0.186
P3,1699,169900,pedestrian/bicycle,1003.457,1020.506,0.665,0.341
P3,1700,170000,pedestrian/bicycle,1003.532,1020.548,0.84,0.491
P3,1701,170100,pedestrian/bicycle,1003.625,1020.603,1.006,0.612
P3,1702,170200,pedestrian/bicycle,1003.733,1020.669,1.162,0.698
P3,1703,170300,pedestrian/bicycle,1003.856,1020.741,1.306,0.749
P3,1704,170400,pedestrian/bicycle,1003.994,1020.817,1.436,0.769
P3,1705,170500,pedestrian/bicycle,1004.143,1020.894,1.551,0.768
P3,1706,170600,pedestrian/bicycle,1004.303,1020.97,1.646,0.756
P3,1707,170700,pedestrian/bicycle,1004.471,1021.045,1.715,0.736
P3,1708,170800,pedestrian/bicycle,1004.644,1021.117,1.758,0.713
P3,1709,170900,pedestrian/bicycle,1004.822,1021.187,1.784,0.694
P3,1710,171000,pedestrian/bicycle,1005,1021.256,1.789,0.678
P3,1711,171100,pedestrian/bicycle,1005.177,1021.323,1.753,0.662
P3,1712,171200,pedestrian/bicycle,1005.348,1021.388,1.666,0.64
P3,1713,171300,pedestrian/bicycle,1005.509,1021.451,1.555,0.62
P3,1714,171400,pedestrian/bicycle,1005.66,1021.513,1.454,0.611
P3,1715,171500,pedestrian/bicycle,1005.802,1021.574,1.386,0.621
P3,1716,171600,pedestrian/bicycle,1005.939,1021.638,1.363,0.654
P3,1717,171700,pedestrian/bicycle,1006.077,1021.706,1.386,0.706
P3,1718,171800,pedestrian/bicycle,1006.218,1021.78,1.443,0.771
P3,1719,171900,pedestrian/bicycle,1006.366,1021.86,1.512,0.835
P3,1720,172000,pedestrian/bicycle,1006.519,1021.946,1.56,0.88
P3,1721,172100,pedestrian/bicycle,1006.676,1022.034,1.565,0.893
P3,1722,172200,pedestrian/bicycle,1006.831,1022.123,1.539,0.886
P3,1723,172300,pedestrian/bicycle,1006.983,1022.211,1.498,0.872
P3,1724,172400,pedestrian/bicycle,1007.13,1022.298,1.446,0.854
P3,1725,172500,pedestrian/bicycle,1007.271,1022.382,1.385,0.834
P3,1726,172600,pedestrian/bicycle,1007.407,1022.464,1.324,0.814
P3,1727,172700,pedestrian/bicycle,1007.536,1022.545,1.265,0.792
P3,1728,172800,pedestrian/bicycle,1007.66,1022.623,1.208,0.766
P3,1729,172900,pedestrian/bicycle,1007.778,1022.698,1.155,0.737
P3,1730,173000,pedestrian/bicycle,1007.891,1022.77,1.109,0.712
P3,1731,173100,pedestrian/bicycle,1008.001,1022.84,1.077,0.693
P3,1732,173200,pedestrian/bicycle,1008.108,1022.909,1.06,0.684
P3,1733,173300,pedestrian/bicycle,1008.214,1022.978,1.058,0.683
P3,1734,173400,pedestrian/bicycle,1008.32,1023.046,1.073,0.691
P3,1735,173500,pedestrian/bicycle,1008.429,1023.116,1.11,0.708
P3,1736,173600,pedestrian/bicycle,1008.543,1023.188,1.166,0.732
P3,1737,173700,pedestrian/bicycle,1008.663,1023.263,1.229,0.755
P3,1738,173800,pedestrian/bicycle,1008.789,1023.339,1.296,0.773
P3,1739,173900,pedestrian/bicycle,1008.922,1023.418,1.373,0.794
P3,1740,174000,pedestrian/bicycle,1009.064,1023.498,1.461,0.818
P3,1741,174100,pedestrian/bicycle,1009.215,1023.581,1.55,0.844
P3,1742,174200,pedestrian/bicycle,1009.373,1023.666,1.62,0.859
P3,1743,174300,pedestrian/bicycle,1009.537,1023.752,1.661,0.86
P3,1744,174400,pedestrian/bicycle,1009.704,1023.838,1.684,0.851
P3,1745,174500,pedestrian/bicycle,1009.873,1023.922,1.696,0.833
P3,1746,174600,pedestrian/bicycle,1010.043,1024.004,1.699,0.809
P3,1747,174700,pedestrian/bicycle,1010.213,1024.084,1.695,0.782
P3,1748,174800,pedestrian/bicycle,1010.382,1024.161,1.69,0.76
P3,1749,174900,pedestrian/bicycle,1010.551,1024.236,1.69,0.745
P3,1750,175000,pedestrian/bicycle,1010.72,1024.31,1.693,0.737
P3,1751,175100,pedestrian/bicycle,1010.89,1024.383,1.698,0.728
P3,1752,175200,pedestrian/bicycle,1011.06,1024.456,1.699,0.713
P3,1753,175300,pedestrian/bicycle,1011.229,1024.526,1.695,0.691
P3,1754,175400,pedestrian/bicycle,1011.398,1024.594,1.687,0.664
P3,1755,175500,pedestrian/bicycle,1011.566,1024.658,1.673,0.633
P3,1756,175600,pedestrian/bicycle,1011.733,1024.72,1.652,0.599
P3,1757,175700,pedestrian/bicycle,1011.897,1024.778,1.624,0.566
P3,1758,175800,pedestrian/bicycle,1012.057,1024.833,1.589,0.533
P3,1759,175900,pedestrian/bicycle,1012.215,1024.885,1.56,0.496
P3,1760,176000,pedestrian/bicycle,1012.369,1024.932,1.535,0.453
P3,1761,176100,pedestrian/bicycle,1012.521,1024.975,1.505,0.401
P3,1762,176200,pedestrian/bicycle,1012.67,1025.012,1.469,0.343
P3,1763,176300,pedestrian/bicycle,1012.815,1025.044,1.435,0.289
P3,1764,176400,pedestrian/bicycle,1012.957,1025.07,1.398,0.248
P3,1765,176500,pedestrian/bicycle,1013.095,1025.094,1.362,0.222
P3,1766,176600,pedestrian/bicycle,1013.23,1025.116,1.339,0.21
P3,1767,176700,pedestrian/bicycle,1013.364,1025.136,1.332,0.207
